dataset,oa,aa,k
indian_pines,0.8587822014051522,0.811509141296697,0.8386502755668432
