dataset,target_size,algorithm,time,oa,aa,k,selected_features
indian_pines,5,lw_relu,1591.71,0.734582358,0.694437222,0.694835771,34$36$78$80$148
indian_pines,10,lw_relu,1571.59,0.7845433255269321,0.8160856422939522,0.7538188160212456,34$36$41$74$78$80$147$148$149$181
indian_pines,15,lw_relu,686.52,0.812256049960968,0.8007915430489069,0.7859382548069231,18$19$34$35$36$41$74$78$80$88$101$147$148$149$181
indian_pines,20,lw_relu,376.38,0.832552693208431,0.8450748207695888,0.8091760927123572,6$18$19$33$34$35$36$40$41$72$74$78$79$80$88$101$147$148$149$181
indian_pines,25,lw_relu,288.73,0.8450429352068697,0.8562584479868849,0.8234850046753008,5$6$7$18$19$20$33$34$35$36$38$40$41$72$74$78$79$80$88$100$101$147$148$149$181
indian_pines,30,lw_relu,249.36,0.8524590163934426,0.8649919109762272,0.8319435584576588,5$6$7$8$18$19$20$30$33$34$35$36$38$40$41$72$74$78$79$80$88$100$101$147$148$149$177$178$181$184
