dataset,target_size,algorithm,time,oa,aa,k,selected_features
indian_pines,5,attn_bn_mean,1250.23,0.7404371584699454,0.6995087288929306,0.7018776286696387,6$19$37$78$148
indian_pines,10,attn_bn_mean,0.0,0.7876658860265418,0.7660083198618681,0.7575369154242357,6$19$20$33$36$37$78$147$148$177
indian_pines,15,attn_bn_mean,0.0,0.8263075722092116,0.8166244966497382,0.8021352434221236,6$19$20$23$33$36$37$56$74$78$98$140$147$148$177
indian_pines,20,attn_bn_mean,0.0,0.8302107728337237,0.7989567440840056,0.8065782855762351,6$19$20$23$28$29$32$33$36$37$43$56$74$78$98$140$147$148$149$177
indian_pines,25,attn_bn_mean,0.0,0.8430913348946136,0.8190184893842538,0.8211514597722587,6$19$20$23$24$28$29$32$33$36$37$40$43$56$74$78$79$88$98$115$140$147$148$149$177
indian_pines,30,attn_bn_mean,0.0,0.8477751756440282,0.8119783577655194,0.8262249110671833,6$19$20$21$23$24$28$29$32$33$36$37$40$43$56$73$74$78$79$86$88$98$115$140$147$148$149$159$177$183
