dataset,oa,aa,k
indian_pines,0.8637782982045277,0.8019848600634701,0.8443527571073159
